"list_name","name","label_khmer","label_english"
"aqutype","ponds","តាមស្រះ","By ponds"
"aqutype","batches","បែ","Batches"
"aqutype","field","ក្នុងស្រែ","Field"
"aqutype","pool","ក្នុងអាង","Pool"
"aqutype","plastic","ថង់ប្ល៉ាស្ទីក ឬតង់","Plastic or tents"
"aqutype","soung","ស៊ង","Soung"
"aqutype","pole","បង្គោល","Poles"
"aqutype","other","ផ្សេងៗ (សូមបញ្ជាក់ក្នុងសំគាល់)","Other (please specify in Remark)"
"area","1","ផ្នែកទឹកសាប","Inland"
"area","2","ផ្នែកសមុទ្រ","marine"
"typepro","1","ផលិតបង្កក​ (កំពឹស ត្រីទីឡាព្យា ត្រីប្រា)","Frozen production (freshwater)"
"typepro","2","ត្រីងៀតសាច់សុទ្ធ (ឆ្តោរ-រ៉ស់)","Pure Dried Fish"
"typepro","3","ត្រីងៀតឆ្អឹង (ឆ្តោរ-រ៉ស់)","Bone Dried Fish"
"typepro","4","ត្រីបង្ហើម (ប្រាសំយ៉ុង និងត្រីប្រម៉ា)","Swollen fish"
"typepro","5","ត្រីកន្ធរប្រឡាក់","Stained fish"
"typepro","6","ត្រីឆ្អើរប្រភេទលេខ ១ (ត្រីកេស)","Smoked fish type 1"
"typepro","7","ត្រីឆ្អើរ (អណ្តែង ត្រីល្អិតៗ និងត្រីផ្សេងៗ)","Smoked fish"
"typepro","8","ប្រហុកឆ្អឹង","Bone Prahok"
"typepro","9","ប្រហុកសាច់","Prahok"
"typepro","10","ផ្អក","Pause"
"typepro","11","ទឹកត្រី (ត្រីទឹកសាប)","Fish sauce (freshwater)"
"typepro","12","ម៉្សៅត្រី","Fish powder"
"typepro","13","កំពឹសក្រៀម (ទឹកសាប)","Dried shrimp (freshwater)"
"typepro","14","ណែមសាច់ត្រី","Fish fillets"
"typepro","15","ប្រហិតត្រីទឹកសាប (ត្រីស្លាត ត្រីផ្សេងៗទៀត)","Freshwater fish meatballs"
"typepro","30","ត្រីងៀត (ផ្សេងៗ)","Dried Fish (other)"
"typepro","88","ផ្សេងៗ","Other"
"typepro","16","ត្រីចំហ៊ុយ","Steamed fish"
"typepro","17","បង្គាក្រៀម","Dried shrimp"
"typepro","18","យ៉ាហេ","Yahe"
"typepro","19","មឹកក្រៀម","Dried squid"
"typepro","20","ក្តាមប្រៃ","Salted Crab"
"typepro","21","គី (កាពិ)","Ky (Kapi)"
"typepro","22","គ្រុំចំពុះទាក្រៀម","Dried duck beak"
"typepro","23","បកសាច់ក្តាម","Crab meat"
"typepro","24","ផលិតផលបង្កក (មឹក បង្គា)","Frozen production (marine)"
"typepro","25","ប្រហិតត្រីសមុទ្រ","Sea fish meatballs"
"typepro","26","ទឹកត្រី (ត្រីសមុទ្រ)","Fish sauce (marine)"
"typepro","27","កាឈីវ","Kachiv"
"typepro","28","ត្រីប្រឡាក់ក្រៀម","Stained fish (marine"
"typepro","29","សារាយ-ស្មៅសមុទ្រក្រៀម","Dried algae-seagrass"
"typepro","99","ផ្សេងៗ","Other"
"source","natural","ផលនេសាទពីធម្មជាតិ","From natual"
"source","aquaculture","ការចិញ្ចឹម","From aquaculture"
"inspectorate","1","អធិការដ្ឋានរដ្ឋបាលជលផលមេគង្គ","Mekong Inspectorate"
"inspectorate","2","អធិការដ្ឋានរដ្ឋបាលជលផលចតុមុខ","Chaktomuk Inspectorate"
"inspectorate","3","អធិការដ្ឋានរដ្ឋបាលជលផលខាងត្បូងបឹងទន្លេសាប","Southern Tonle Sap Inspectorate"
"inspectorate","4","អធិការដ្ឋានរដ្ឋបាលជលផលខាងជើងបឹងទន្លេសាប","Northern Tonle Sap Inspectorate"
"inspectorate","5","អធិការដ្ឋានរដ្ឋបាលជលផលសមុទ្រ","Marine Inspectorate"
"typefishing","1","ដាយត្រី","Dai"
"typefishing","2","លក្ខណៈគ្រួសារក្នុងដែននេសាទ","Family fishing in fishery domain"
"typefishing","3","លក្ខណៈគ្រួសារក្នុងវាលស្រែ","Family fishing in rice field"
"typefishing","4","សិប្បកម្ម (សមុទ្រ)","Marine Catch Fish"
"type","61","ត្រីកញ្ចាញ់ច្រាស","Parambassis sp."
"type","42","ត្រីកញ្ចុះ","Akysis sp."
"type","50","ត្រីកញ្ច្រូក","Yasuhikotakia sp."
"type","43","ត្រីកន្ត្រប់","Pristolepis fasciata"
"type","60","ត្រីកន្រងប្រេង","Parambassis wolffii"
"type","49","ត្រីកាបស","Hypophthalmichthys molitrix"
"type","18","ត្រីកាហែ","Barbonymus sp."
"type","51","ត្រីកាហោ /​ ត្រីគល់រាំង","Catlocarpio siamensis"
"type","7","ត្រីកេស","Kryptoplerus sp."
"type","25","ត្រីកែ","Pangasius conchophilus"
"type","13","ត្រីក្តាំងហាយ","Belodontichthys truncatus"
"type","55","ត្រីក្បក","Tenualosa thibaudeaui"
"type","69","ត្រីក្រចាប់","Homaloptera indochinesesis"
"type","4","ត្រីក្រពាត់ / ត្រីសណ្តាយ","Wallago attu"
"type","16","ត្រីក្រពុលបាយ","Cosmochilus harmandi"
"type","41","ត្រីក្រឡង់","Cirrhinus microlepis"
"type","9","ត្រីក្រឡង់ / ត្រីព្រួល","Cirrhinus microlepsis"
"type","46","ត្រីក្រាញ់","Anabas testudineus"
"type","17","ត្រីក្រាយ","Chitala ornate"
"type","38","ត្រីក្រុស","Osteochilus sp."
"type","14","ត្រីក្អែក","Labeo Chrysophekadion"
"type","29","ត្រីកំបុតច្រមុះ","Amblyrhynchichthys micracanthus"
"type","72","ត្រីកំព្រាម","Polynemus sp."
"type","53","ត្រីកំភ្លាញ","Trichohodus sp."
"type","58","ត្រីខ្ជឹង","Mastacembelus armatus"
"type","23","ត្រីខ្នងវែង","Labiobarbus leptocheila"
"type","63","ត្រីខ្មាន","Hampala sp."
"type","21","ត្រីខ្លា","Datnioides polota"
"type","71","ត្រីខ្សាន","Brachgobius sp."
"type","2","ត្រីគ្រុំ","Osteochilas melanpleura"
"type","11","ត្រីចង្វា","Rasbora sp."
"type","48","ត្រីចង្វា","Oryzias sp."
"type","44","ត្រីចាប","Piaractus brachypomus"
"type","20","ត្រីចេកទុំ","Bagrichthys obscurus"
"type","5","ត្រីច្រកែង","Puntioplites proctozysron"
"type","3","ត្រីឆ្តោក","Chyclocheilichthys enoplos"
"type","6","ត្រីឆ្ពិន","Hypsitarbus sp."
"type","66","ត្រីឆ្ពុង(រៀលថ្ម)","Babichthys laevis"
"type","22","ត្រីឆ្មា","Lycothrissa crocodilus"
"type","12","ត្រីឆ្លាំង","Hemibagrus sp."
"type","45","ត្រីឆ្លូញ","Macrognathus sp."
"type","36","ត្រីជញ្លូញមាន់","Coilia lindmani"
"type","65","ត្រីជន្ទាសភ្លុក","Parachela ouygastoides"
"type","32","ត្រីឈ្វាត","Pangasius mekongensis"
"type","74","ត្រីដងខ្ទែង","Macrochirichthys macrochirus"
"type","75","ត្រីដៀប/ត្រីឆ្ដោ","Channa micropeltes"
"type","15","ត្រីដំរី","Oxyeleotris"
"type","31","ត្រីត្រសក់","Probarbus sp."
"type","57","ត្រីត្រឪន","Ompok eugeneiatus"
"type","8","ត្រីទីឡាព្យា","Oreochromis sp."
"type","73","ត្រីទ្រនេល","Hemibagrus filamentus"
"type","40","ត្រីបណ្តូលអំពៅ","Clupeichthys sp."
"type","54","ត្រីប៉ាសេអ៊ី","Mekongina erythrospila"
"type","35","ត្រីបុងឡាវ","Panagasius krempfi"
"type","34","ត្រីបេកា","Scomberomorus sinensis"
"type","26","ត្រីប្រម៉ា","Boesemania microlepis"
"type","30","ត្រីប្រា","Pangasius sp."
"type","47","ត្រីផ្កាចារ","Cirrhinus jullieni"
"type","24","ត្រីផ្ទក់","Channa striata"
"type","70","ត្រីផ្ទោង","Xenentodon cancila"
"type","59","ត្រីពោ","Pangasius larnaudii"
"type","68","ត្រីព្រលូង","Leptobarbus hoeveni"
"type","37","ត្រីរាជ","Pangasianodon gigas"
"type","27","ត្រីរៀល","Gymnosstomus sp."
"type","62","ត្រីលលកស","Osteochilus schlegeli"
"type","1","ត្រីលេញ","Thynnichthys Thynnoides"
"type","67","ត្រីស្ទក់","Wallago micropogon"
"type","33","ត្រីស្មើកន្ទុយ","Pangasius polyuranodom"
"type","52","ត្រីស្រការក្តាម","Cyclocheilichthys sp."
"type","56","ត្រីស្លាត","Notopterus notopterus"
"type","10","ត្រីស្លឹកឬស្សី","paralaubuca barroni"
"type","64","ត្រីអង្កត់ប្រាក់","Puntius rhombeus"
"type","39","ត្រីអណ្ដែង","Amblyceps sp."
"type","19","ត្រីអណ្តាតឆ្កែ","Cynoglossus sp."
"type","28","ត្រីអាចម៏កុក","Labiobarbus siamensis"
"type","77","កង្កែប","Frog"
"type","86","កន្ធាយ","Turtle (Kantheay)"
"type","80","ក្ដាម","Crab"
"type","85","ក្រពើ","Crocodile"
"type","76","កំពឹស","shrimp"
"type","81","ខ្ចៅ","Small snail"
"type","79","ខ្យង","Snail"
"type","84","បង្កង់","Lobster"
"type","83","ពស់","Snake"
"type","82","លៀស","Clams"
"type","87","អណ្តើក","Turtle"
"type","78","អន្ទង់","Eel"
"type","88","ត្រីល្អិតចំរុះ","Other small aquatic animal"
"type","89","ត្រីធំចំរុះ","Other big aquatic animal"
"type","90","ត្រីចំរុះ (ទាំងតូច ទាំងធំ)","Other aquatic (small and big)"
"type","888","ផ្សេងៗ","Other"
"type","FM025","ក្ដាមជ័រ","Vinegar crab"
"type","FM026","ក្ដាមផ្សេងៗ","Crabs nei"
"type","FM024","ក្ដាមសេះ","Swimming crab"
"type","FM023","ក្តាមថ្ម","Mud crab"
"type","FM052","ខ្យង ឬគ្រំក្រឡាហូល","Snail"
"type","FM029","គី","Small mixed shrimp nei"
"type","FM027","គ្រែងឈាម","Anadara granosa"
"type","FM028","ងាវចំរុះ","Shellfish nei"
"type","FM001","ត្រី​តុក​កែ​","Orange-spotted grouper"
"type","FM054","ត្រីកន្តាំងក្រអូម","Whitespotted Spinefoot"
"type","FM035","ត្រីកន្ទុយរឹង","Torpedo scad"
"type","FM057","ត្រីកន្ទុយរឹង","Indian Scad"
"type","FM045","ត្រីកន្ទុយរឹងភ្នែកធំ","Bigeye scad"
"type","FM040","ត្រីកាជី","Yellow-spotted Slatey"
"type","FM017","ត្រីកាតាំង","Lined surgeonfish"
"type","FM007","ត្រីកាម៉ុង​ខ្លួន​វែង","Indian mackerel"
"type","FM004","ត្រីការ៉ាវ","Eleutheronema tetradactylum"
"type","FM059","ត្រីកាហាវ","Herring scad"
"type","FM053","ត្រីកាឡាំង","Carp"
"type","FM033","ត្រីកាំកួច","Barcheek trevally"
"type","FM058","ត្រីកុកក្បាលធំ","Largehead hairtail"
"type","FM036","ត្រីកូនគុំ","Slender scad"
"type","FM039","ត្រីក្ដចិន","Chinese Hot Fish"
"type","FM034","ត្រីក្បក","Bluespot mulle"
"type","FM048","ត្រីក្បកខ្មុក","Squaretail Mullet"
"type","FM038","ត្រីក្រចកក្របី","​Indian anchovy"
"type","FM015","ត្រីក្រហម","Redcoa"
"type","FM050","ត្រីក្រហម ឬត្រីឆ្នូតពីរ","Forktailed Threadfin Bream"
"type","FM064","ត្រីគួន","Goldstripe sardinella"
"type","FM071","ត្រីគួនបារាំង","Spotted sardinella"
"type","FM012","ត្រីគ្រាប់ខ្នុរ","False trevally"
"type","FM051","ត្រីចង្កូមបី","Tigertooth Croaker"
"type","FM006","ត្រីចាប","Silver pomfret"
"type","FM055","ត្រីចាបខ្មៅ","Silver Pomfret (Black)"
"type","FM067","ត្រីចោរខ្លួនមូល","Bludger"
"type","FM060","ត្រីឆៃកាម","Orangespotted trevally"
"type","FM063","ត្រីឆ្នូតលឿង","Yellow stripe trevally"
"type","FM003","ត្រីឆ្ពង់","Barramundi"
"type","FM066","ត្រីឆ្ពង់ក្រហម","humpback red snapper"
"type","FM008","ត្រីឆ្លាម","Grey bambooshark"
"type","FM018","ត្រីជី","Trash fish"
"type","FM030","ត្រីឈាម","Striped bonito"
"type","FM014","ត្រីដងដាវ","Dorab wolf-herring"
"type","FM011","ត្រីត្រសក់","Jarbua terapon"
"type","FM069","ត្រីបណ្តូលអំពៅ","Shorthead anchovy"
"type","FM002","ត្រីបេកា","Striped bonito"
"type","FM005","ត្រីបេកាខ្មៅឬត្រីបេកាឆ្នូត","Narrow barred Spanish mackerel"
"type","FM037","ត្រីបោះត្រា","Russell's Snapper"
"type","FM010","ត្រីប្រម៉ា","Boeseman croake"
"type","FM062","ត្រីប្លាធូ","Shortfine scad"
"type","FM044","ត្រីប្លាធូ​ ឬ​ត្រី​កាម៉ុង​ខ្លួន​ខ្លី","Short mackerel"
"type","FM041","ត្រីផ្ទក់សមុទ្រ","Cobia"
"type","FM032","ត្រីផ្ទោង","Blackbarred halfbeak"
"type","FM056","ត្រីព្រលួស","Redfish"
"type","FM074","ត្រីភ្នែកឡាន","Moontail"
"type","FM013","ត្រីសេក","Blue-barred parrotfish"
"type","FM070","ត្រីស្លឹកឬស្សី","Hamilton's thryssa"
"type","FM047","ត្រីសំប៉ាន","Bridge fish"
"type","FM049","ត្រីសំបូរហៀរ","Toothpony"
"type","FM076","ត្រីសំបោរហៀរ","Common ponyfish"
"type","FM077","ត្រីសំបោរហៀរខ្លួនខ្លី","Goldstripe ponyfish"
"type","FM078","ត្រីសំបោរហៀរគ្មានរំអិល","Toothpony"
"type","FM016","ត្រីអង្រែ","Obtuse barracuda"
"type","FM009","ត្រីអណ្ដាតឆ្កែ","Largetooth flounder"
"type","FM075","ត្រីអាងគឹមលី","Ornate threadfin bream"
"type","FM065","ត្រីអាំងកឹយអុចពីរ","Two-spot red snapper"
"type","FM031","ត្រីអាំងកឺយ","Mangrove red snapper"
"type","FM022","បង្កងកណ្ដូប","Mantis shrimp"
"type","FM046","បង្គា","Shrimp"
"type","FM019","បង្គាខ្លឹង","Tiger shrimp"
"type","FM020","បបែល","Himantura gerrardi"
"type","FM081","បបែលមាន់","Himantura imbricata"
"type","FM080","បបែលអុជ","Whitesporttted whipray"
"type","FM021","មឹក","Optopus"
"type","FM082","មឹក​ស្នូក","Octopus"
"type","FM042","អន្ទង់សមុទ្រ","Morray eel"
"type","FM083","ត្រីសមុទ្រចំរុះ","mix marine fish"
"type","999","ផ្សេងៗ","Other"
"crime","1","អួនអូស (វង់)","Drag net"
"crime","2","ឆក់ (គ្រឿង)","Shock"
"crime","3","របាំងស្បៃមុង (ម៉ែត្រ)","Mosquito net"
"crime","4","របាំងសាច់អួន (ម៉ែត្រ)","Block Nets"
"crime","5","ឈឹបយន្ត (គ្រឿង)","Hijacking"
"crime","6","ថ្នាំបំពុល (លីត្រ/គីឡូក្រាម)","Pesticides"
"crime","7","គ្រឿងផ្ទុះ (គ្រាប់/គីឡូក្រាម)","Explosives"
"crime","8","កាប់ព្រៃលិចទឹក (ហិកតា)","Deforestation of flooded forests"
"crime","9","កាប់ព្រៃកោងកាង (ហិកតា)","Deforestation of mangroves"
"crime","10","ឈូសឆាយរានដីព្រៃលិចទឹក (ហិកតា)","Clearing forest lands"
"crime","15","ឈូសឆាយរានដីព្រៃកោងកាង (ហិកតា)","Clearing flooding mangroves"
"crime","11","ទូក/កាណូត (គ្រឿង)","Boats"
"crime","12","ដឹកជញ្ជូនផល ផលិតផលជលផលខុសច្បាប់ (គីឡូក្រាម)","Illegal transport"
"crime","13","មង (ម៉ែត្រ)","Nets"
"crime","14","សន្ទួច (ផ្លែ)","Snare"
"crime","16","លូស្បែមុង (មាត់)",NA
"crime","17","លបប្រើស១០០ (គ្រឿង)",NA
"crime","18","ឈ្នក់ (គ្រឿង)",NA
"crime","19","បរ (គ្រឿង)",NA
"crime","20","រនាស់ /ឈ្នាងអូសលៀស (គ្រឿង)",NA
"crime","21","ដឹកជញ្ជូនព្រៃលិចទឹកឬព្រៃកោងកាង (ដើម)",NA
"crime","88","ផ្សេងៗ","Other"
"unite","1","វង់","Circle"
"unite","2","គ្រឿង","Accessories"
"unite","3","ម៉ែត្រ","Meters"
"unite","4","លីត្រ/គីឡូក្រាម","Lite/kg"
"unite","5","គ្រាប់/គីឡូក្រាម","bullets/kg"
"unite","6","ហិកតា","Hectares"
"unite","7","គីឡូក្រាម","Kg"
"unite","8","ករណី","Case"
"unite","9","នាក់","Person"
"unite","10","រៀល","Riel"
"enforcement","1","រឹបអូស (ករណី)","Confiscation (case)"
"enforcement","2","បំផ្លាញចោល (ករណី)","Destroy (case)"
"enforcement","3","បញ្ជូនសំណុំរឿងទៅតុលាការ (ករណី)","Send case to court (case)"
"enforcement","4","បញ្ជូនជនសង្ស័យទៅតុលាការ (នាក់)","Send suspects to court (persons)"
"enforcement","5","ជនល្មើសជាប់ពន្ធធនាគារ (នាក់)","Prison Offenders (persons)"
"enforcement","6","ពិន័យអន្តរការណ៍ (ករណី)","Transitional Penalty (Case)"
"enforcement","7","ប្រាក់ពិន័យ (រៀល)","Fines (Riel)"
"enforcement","88","ផ្សេងៗ","Other"
"business","1","ជីវកម្មខ្នាតតូច ឬបែបលក្ខណះគ្រួសារ","Small enterprise or Family business"
"business","2","ជីវកម្មខ្នាតមធ្យម","Medium enterprise"
"business","3","ជីវិកម្មខាតធំ","Big enterprise"
"provinces","1","បន្ទាយមានជ័យ","Banteay Meanchey"
"provinces","2","បាត់ដំបង","Battambang"
"provinces","3","កំពង់ចាម","Kampong Cham"
"provinces","4","កំពង់ឆ្នាំង","Kampong Chhnang"
"provinces","5","កំពង់ស្ពឺ","Kampong Speu"
"provinces","6","កំពង់ធំ","Kampong Thom"
"provinces","7","កំពត","Kampot"
"provinces","8","កណ្ដាល","Kandal"
"provinces","9","កោះកុង","Koh Kong"
"provinces","10","ក្រចេះ","Kratie"
"provinces","11","មណ្ឌលគិរី","Mondul Kiri"
"provinces","12","ភ្នំពេញ","Phnom Penh"
"provinces","13","ព្រះវិហារ","Preah Vihear"
"provinces","14","ព្រៃវែង","Prey Veng"
"provinces","15","ពោធិ៍សាត់","Pursat"
"provinces","16","រតនគិរី","Ratanak Kiri"
"provinces","17","សៀមរាប","Siemreap"
"provinces","18","ព្រះសីហនុ","Preah Sihanouk"
"provinces","19","ស្ទឹងត្រែង","Stung Treng"
"provinces","20","ស្វាយរៀង","Svay Rieng"
"provinces","21","តាកែវ","Takeo"
"provinces","22","ឧត្ដរមានជ័យ","Oddar Meanchey"
"provinces","23","កែប","Kep"
"provinces","24","ប៉ៃលិន","Pailin"
"provinces","25","ត្បូងឃ្មុំ","Tboung Khmum"
"districts","106","សិរីសោភ័ណ","Serei Saophoan"
"districts","110","ប៉ោយប៉ែត","Paoy Paet"
"districts","107","ថ្មពួក","Thma Puok"
"districts","108","ស្វាយចេក","Svay Chek"
"districts","109","ម៉ាឡៃ","Malai"
"districts","102","មង្គលបូរី","Mongkol Borei"
"districts","103","ភ្នំស្រុក","Phnum Srok"
"districts","104","ព្រះនេត្រព្រះ","Preah Netr Preah"
"districts","105","អូរជ្រៅ","Ou Chrov"
"districts","204","បវេល","Bavel"
"districts","205","ឯកភ្នំ","Aek Phnum"
"districts","206","មោងឫស្សី","Moung Ruessei"
"districts","207","រតនមណ្ឌល","Rotonak Mondol"
"districts","208","សង្កែ","Sangkae"
"districts","209","សំឡូត","Samlout"
"districts","210","សំពៅលូន","Sampov Lun"
"districts","211","ភ្នំព្រឹក","Phnum Proek"
"districts","212","កំរៀង","Kamrieng"
"districts","213","គាស់ក្រឡ","Koas Krala"
"districts","214","រុក្ខគិរី","Rukh Kiri"
"districts","203","បាត់ដំបង","Battambang"
"districts","201","បាណន់","Banan"
"districts","202","ថ្មគោល","Thma Koul"
"districts","305","កំពង់ចាម","Kampong Cham"
"districts","301","បាធាយ","Batheay"
"districts","302","ចំការលើ","Chamkar Leu"
"districts","303","ជើងព្រៃ","Cheung Prey"
"districts","306","កំពង់សៀម","Kampong Siem"
"districts","307","កងមាស","Kang Meas"
"districts","308","កោះសូទិន","Kaoh Soutin"
"districts","313","ព្រៃឈរ","Prey Chhor"
"districts","314","ស្រីសន្ធរ","Srei Santhor"
"districts","315","ស្ទឹងត្រង់","Stueng Trang"
"districts","401","បរិបូណ៌","Baribour"
"districts","402","ជលគីរី","Chol Kiri"
"districts","403","កំពង់ឆ្នាំង","Kampong Chhnang"
"districts","404","កំពង់លែង","Kampong Leaeng"
"districts","405","កំពង់ត្រឡាច","Kampong Tralach"
"districts","406","រលាប្អៀរ","Rolea B'ier"
"districts","407","សាមគ្គីមានជ័យ","Sameakki Mean Chey"
"districts","408","ទឹកផុស","Tuek Phos"
"districts","501","បរសេដ្ឋ","Basedth"
"districts","503","គងពិសី","Kong Pisei"
"districts","504","ឱរ៉ាល់","Aoral"
"districts","505","ឧដុង្គ","Odongk"
"districts","506","ភ្នំស្រួច","Phnum Sruoch"
"districts","507","សំរោងទង","Samraong Tong"
"districts","508","ថ្ពង","Thpong"
"districts","502","ច្បារមន","Chbar Mon"
"districts","603","ស្ទឹងសែន","Stueng Saen"
"districts","601","បារាយណ៍","Baray"
"districts","602","កំពង់ស្វាយ","Kampong Svay"
"districts","604","ប្រាសាទបល្ល័ង្គ","Prasat Ballangk"
"districts","605","ប្រាសាទសំបូរ","Prasat Sambour"
"districts","606","សណ្ដាន់","Sandan"
"districts","607","សន្ទុក","Santuk"
"districts","608","ស្ទោង","Stoung"
"districts","609","តាំងគោក","Taing Kouk"
"districts","701","អង្គរជ័យ","Angkor Chey"
"districts","702","បន្ទាយមាស","Banteay Meas"
"districts","703","ឈូក","Chhuk"
"districts","704","ជុំគិរី","Chum Kiri"
"districts","705","ដងទង់","Dang Tong"
"districts","706","កំពង់ត្រាច","Kampong Trach"
"districts","707","ទឹកឈូ","Tuek Chhou"
"districts","708","កំពត","Kampot"
"districts","811","តាខ្មៅ","Ta Khmau"
"districts","801","កណ្ដាលស្ទឹង","Kandal Stueng"
"districts","802","កៀនស្វាយ","Kien Svay"
"districts","803","ខ្សាច់កណ្ដាល","Khsach Kandal"
"districts","804","កោះធំ","Kaoh Thum"
"districts","805","លើកដែក","Leuk Daek"
"districts","806","ល្វាឯម","Lvea Aem"
"districts","807","មុខកំពូល","Mukh Kampul"
"districts","808","អង្គស្នួល","Angk Snuol"
"districts","809","ពញាឮ","Ponhea Lueu"
"districts","810","ស្អាង","S'ang"
"districts","905","មណ្ឌលសីមា","Mondol Seima"
"districts","906","ស្រែ អំបិល","Srae Ambel"
"districts","907","ថ្មបាំង","Thma Bang"
"districts","904","ខេមរភូមិន្ទ","Khemara Phoumin"
"districts","901","បុទុមសាគរ","Botum Sakor"
"districts","902","គិរីសាគរ","Kiri Sakor"
"districts","903","កោះកុង","Kaoh Kong"
"districts","1002","ក្រចេះ","Kracheh"
"districts","1001","ឆ្លូង","Chhloung"
"districts","1003","ព្រែកប្រសព្វ","Prek Prasab"
"districts","1004","សំបូរ","Sambour"
"districts","1005","ស្នួល","Snuol"
"districts","1006","ចិត្របុរី","Chetr Borei"
"districts","1101","កែវសីមា","Kaev Seima"
"districts","1102","កោះញែក","Kaoh Nheaek"
"districts","1103","អូររាំង","Ou Reang"
"districts","1104","ពេជ្រាដា","Pech Chreada"
"districts","1105","សែនមនោរម្យ","Saen Monourom"
"districts","1201","ចំការមន","Chamkar Mon"
"districts","1202","ដូនពេញ","Doun Penh"
"districts","1203","៧មករា","Prampir Meakkakra"
"districts","1204","ទួលគោក","Tuol Kouk"
"districts","1205","ដង្កោ","Dangkao"
"districts","1206","មានជ័យ","Mean Chey"
"districts","1207","ឫស្សីកែវ","Russey Keo"
"districts","1208","សែនសុខ","Saensokh"
"districts","1209","ពោធិ៍សែនជ័យ","Pur SenChey"
"districts","1210","ជ្រោយចង្វារ","Chraoy Chongvar"
"districts","1211","ព្រែកព្នៅ","Praek Pnov"
"districts","1212","ច្បារអំពៅ","Chbar Ampov"
"districts","1213","បឹងកេងកង","Boeng Keng Kang"
"districts","1214","កំបូល","Kamboul"
"districts","1308","ព្រះវិហារ","Preah Vihear"
"districts","1301","ជ័យសែន","Chey Saen"
"districts","1302","ឆែប","Chhaeb"
"districts","1303","ជាំក្សាន្ដ","Choam Ksant"
"districts","1304","គូលែន","Kuleaen"
"districts","1305","រវៀង","Rovieng"
"districts","1306","សង្គមថ្មី","Sangkum Thmei"
"districts","1307","ត្បែងមានជ័យ","Tbaeng Mean Chey"
"districts","1411","ពោធិ៍រៀង","Pur Rieng"
"districts","1412","ស៊ីធរកណ្ដាល","Sithor Kandal"
"districts","1413","ស្វាយអន្ទរ","Svay Antor"
"districts","1401","បាភ្នំ","Ba Phnum"
"districts","1402","កំចាយមារ","Kamchay Mear"
"districts","1403","កំពង់ត្របែក","Kampong Trabaek"
"districts","1404","កញ្ជ្រៀច","Kanhchriech"
"districts","1405","មេសាង","Me Sang"
"districts","1406","ពាមជរ","Peam Chor"
"districts","1407","ពាមរក៍","Peam Ro"
"districts","1408","ពារាំង","Pea Reang"
"districts","1409","ព្រះស្ដេច","Preah Sdach"
"districts","1410","ព្រៃវែង","Prey Veng"
"districts","1505","ពោធិ៍សាត់","Pursat"
"districts","1506","វាលវែង","Veal Veaeng"
"districts","1507","តាលោសែនជ័យ","Ta Lou Senchey"
"districts","1501","បាកាន","Bakan"
"districts","1502","កណ្ដៀង","Kandieng"
"districts","1503","ក្រគរ","Krakor"
"districts","1504","ភ្នំក្រវ៉ាញ","Phnum Kravanh"
"districts","1601","អណ្ដូងមាស","Andoung Meas"
"districts","1603","បរកែវ","Bar Kaev"
"districts","1604","កូនមុំ","Koun Mom"
"districts","1605","លំផាត់","Lumphat"
"districts","1606","អូរជុំ","Ou Chum"
"districts","1607","អូរយ៉ាដាវ","Ou Ya Dav"
"districts","1608","តាវែង","Ta Veaeng"
"districts","1609","វើនសៃ","Veun Sai"
"districts","1602","បានលុង","Ban Lung"
"districts","1710","សៀមរាប","Siem Reap"
"districts","1701","អង្គរជុំ","Angkor Chum"
"districts","1702","អង្គរធំ","Angkor Thum"
"districts","1703","បន្ទាយស្រី","Banteay Srei"
"districts","1704","ជីក្រែង","Chi Kraeng"
"districts","1706","ក្រឡាញ់","Kralanh"
"districts","1707","ពួក","Puok"
"districts","1709","ប្រាសាទបាគង","Prasat Bakong"
"districts","1711","សូទ្រនិគម","Soutr Nikom"
"districts","1712","ស្រីស្នំ","Srei Snam"
"districts","1713","ស្វាយលើ","Svay Leu"
"districts","1714","វ៉ារិន","Varin"
"districts","1801","ព្រះសីហនុ","Preah Sihanouk"
"districts","1805","កោះរ៉ុង","Kaoh Rung"
"districts","1802","ព្រៃនប់","Prey Nob"
"districts","1803","ស្ទឹងហាវ","Stueng Hav"
"districts","1804","កំពង់សីលា","Kampong Seila"
"districts","1904","ស្ទឹងត្រែង","Stueng Traeng"
"districts","1905","ថាឡាបរិវ៉ាត់","Thala Barivat"
"districts","1906","បុរីអូរស្វាយសែនជ័យ","Borei Ou Svay Senchey"
"districts","1901","សេសាន","Sesan"
"districts","1902","សៀមបូក","Siem Bouk"
"districts","1903","សៀមប៉ាង","Siem Pang"
"districts","2001","ចន្ទ្រា","Chantrea"
"districts","2002","កំពង់រោទិ៍","Kampong Rou"
"districts","2003","រំដួល","Rumduol"
"districts","2004","រមាសហែក","Romeas Haek"
"districts","2005","ស្វាយជ្រំ","Svay Chrum"
"districts","2008","បាវិត","Bavet"
"districts","2006","ស្វាយរៀង","Svay Rieng"
"districts","2007","ស្វាយទាប","Svay Teab"
"districts","2108","ដូនកែវ","Doun Kaev"
"districts","2109","ត្រាំកក់","Tram Kak"
"districts","2110","ទ្រាំង","Treang"
"districts","2101","អង្គរបូរី","Angkor Borei"
"districts","2102","បាទី","Bati"
"districts","2103","បូរីជលសារ","Borei Cholsar"
"districts","2104","គីរីវង់","Kiri Vong"
"districts","2105","កោះអណ្ដែត","Kaoh Andaet"
"districts","2106","ព្រៃកប្បាស","Prey Kabbas"
"districts","2107","សំរោង","Samraong"
"districts","2204","សំរោង","Samraong"
"districts","2201","អន្លង់វែង","Anlong Veaeng"
"districts","2202","បន្ទាយអំពិល","Banteay Ampil"
"districts","2203","ចុងកាល់","Chong Kal"
"districts","2205","ត្រពាំងប្រាសាទ","Trapeang Prasat"
"districts","2301","ដំណាក់ចង្អើរ","Damnak Chang'aeur"
"districts","2302","កែប","Kaeb"
"districts","2401","ប៉ៃលិន","Pailin"
"districts","2402","សាលាក្រៅ","Sala Krau"
"districts","2501","តំបែរ","Dambae"
"districts","2502","ក្រូចឆ្មារ","Krouch Chhmar"
"districts","2503","មេមត់","Memot"
"districts","2504","អូររាំងឪ","Ou Reang Ov"
"districts","2505","ពញាក្រែក","Ponhea Kraek"
"districts","2506","សួង","Suong"
"districts","2507","ត្បូងឃ្មុំ","Tboung Khmum"
